"DESCRIPTION","DURATION IN MS","NAME","PARENT SUITE","START TIME","STATUS","STOP TIME","SUB SUITE","SUITE","TEST CLASS","TEST METHOD"
"","0","test_READ","","2026-04-27","passed","2026-04-27","","","",""
"","1571","test CREATE","","2026-04-27","passed","2026-04-27","","com.example.hw_6.TaskViewModelTest","com.example.hw_6.TaskViewModelTest","test CREATE"
"","4","addition_isCorrect","","2026-04-27","passed","2026-04-27","","com.example.hw_6.ExampleUnitTest","com.example.hw_6.ExampleUnitTest","addition_isCorrect"
"","2","test DELETE operation","","2026-04-27","passed","2026-04-27","","com.example.hw_6.TaskViewModelTest","com.example.hw_6.TaskViewModelTest","test DELETE operation"
"","3","test UPDATE","","2026-04-27","passed","2026-04-27","","com.example.hw_6.TaskViewModelTest","com.example.hw_6.TaskViewModelTest","test UPDATE"
"","0","test_CREATE","","2026-04-27","passed","2026-04-27","","","",""
"","0","test_UPDATE","","2026-04-27","passed","2026-04-27","","","",""
"","0","test_DELETE","","2026-04-27","passed","2026-04-27","","","",""
"","7","test READ","","2026-04-27","passed","2026-04-27","","com.example.hw_6.TaskViewModelTest","com.example.hw_6.TaskViewModelTest","test READ"
